[
    {
        "name": "Nguyen Duc Tri",
        "score": 10000
    },
    {
        "name": "Do Nguyen Minh Tri",
        "score": 9999
    },
    {
        "name": "Nguyen Minh Luan",
        "score": 9998
    },
    {
        "name": "f",
        "score": 9909
    },
    {
        "name": "tttt",
        "score": 9829
    },
    {
        "name": "r",
        "score": 9780
    },
    {
        "name": "z",
        "score": 9730
    },
    {
        "name": "k",
        "score": 9704
    },
    {
        "name": "t",
        "score": 9688
    },
    {
        "name": "t",
        "score": 9543
    },
    {
        "name": "f",
        "score": 9116
    },
    {
        "name": "fkdsf",
        "score": 9065
    },
    {
        "name": "q",
        "score": 8922
    },
    {
        "name": "hello",
        "score": 8759
    },
    {
        "name": "f",
        "score": 8630
    },
    {
        "name": "g",
        "score": 8562
    },
    {
        "name": "t",
        "score": 8525
    },
    {
        "name": "iouiuouoiu",
        "score": 8265
    },
    {
        "name": "l",
        "score": 8158
    },
    {
        "name": "f",
        "score": 8154
    },
    {
        "name": "f",
        "score": 8111
    },
    {
        "name": "v",
        "score": 8092
    },
    {
        "name": "b",
        "score": 7976
    },
    {
        "name": "i",
        "score": 7280
    },
    {
        "name": "t",
        "score": 7067
    },
    {
        "name": "t",
        "score": 6961
    },
    {
        "name": "l",
        "score": 6943
    },
    {
        "name": "t",
        "score": 6921
    },
    {
        "name": "v",
        "score": 6916
    },
    {
        "name": "l",
        "score": 6625
    },
    {
        "name": "u",
        "score": 6555
    },
    {
        "name": "u",
        "score": 6515
    },
    {
        "name": "f",
        "score": 6506
    },
    {
        "name": "n",
        "score": 6333
    },
    {
        "name": "l",
        "score": 6176
    },
    {
        "name": "l",
        "score": 6093
    },
    {
        "name": "z",
        "score": 6074
    },
    {
        "name": "k",
        "score": 5845
    },
    {
        "name": "k",
        "score": 5825
    },
    {
        "name": "t",
        "score": 5811
    },
    {
        "name": "n",
        "score": 5755
    },
    {
        "name": "v",
        "score": 5649
    },
    {
        "name": "kllk",
        "score": 5495
    },
    {
        "name": "k",
        "score": 5349
    },
    {
        "name": "t",
        "score": 5259
    },
    {
        "name": "v",
        "score": 5167
    },
    {
        "name": "l",
        "score": 5119
    },
    {
        "name": "m",
        "score": 5072
    },
    {
        "name": "g",
        "score": 5023
    },
    {
        "name": "j",
        "score": 4649
    },
    {
        "name": "f",
        "score": 4554
    },
    {
        "name": "Cau Vang",
        "score": 4460
    },
    {
        "name": "g",
        "score": 4311
    },
    {
        "name": "v",
        "score": 4303
    },
    {
        "name": "fffq",
        "score": 4249
    },
    {
        "name": "b",
        "score": 4186
    },
    {
        "name": "o",
        "score": 3774
    },
    {
        "name": "y",
        "score": 3746
    },
    {
        "name": "t",
        "score": 3744
    },
    {
        "name": "",
        "score": 3620
    },
    {
        "name": "ffffdfdfdfafdwerewr",
        "score": 3614
    },
    {
        "name": "v",
        "score": 3215
    },
    {
        "name": "f",
        "score": 3008
    },
    {
        "name": "Anonymous",
        "score": 2980
    },
    {
        "name": "Anonymous",
        "score": 2960
    },
    {
        "name": "m",
        "score": 2945
    },
    {
        "name": "Hu le",
        "score": 2936
    },
    {
        "name": "k",
        "score": 2790
    },
    {
        "name": "m",
        "score": 2780
    },
    {
        "name": "f",
        "score": 2657
    },
    {
        "name": "Random",
        "score": 2650
    },
    {
        "name": "m",
        "score": 2567
    },
    {
        "name": "Anonymous",
        "score": 2510
    },
    {
        "name": "k",
        "score": 2476
    },
    {
        "name": "Anonymous",
        "score": 2420
    },
    {
        "name": "Nguyen Duc ",
        "score": 2394
    },
    {
        "name": "Anonymous",
        "score": 2340
    },
    {
        "name": "Anonymous",
        "score": 2290
    },
    {
        "name": "q",
        "score": 2243
    },
    {
        "name": "f",
        "score": 2234
    },
    {
        "name": "Anonymous",
        "score": 2230
    },
    {
        "name": "t",
        "score": 2193
    },
    {
        "name": "k",
        "score": 2014
    },
    {
        "name": "Huhuhuhu",
        "score": 1950
    },
    {
        "name": "f",
        "score": 1940
    },
    {
        "name": "Anonymous",
        "score": 1930
    },
    {
        "name": "t",
        "score": 1848
    },
    {
        "name": "Random",
        "score": 1770
    },
    {
        "name": "m",
        "score": 1726
    },
    {
        "name": "Anonymous",
        "score": 1720
    },
    {
        "name": "Anonymous",
        "score": 1670
    },
    {
        "name": "Anonymous",
        "score": 1640
    },
    {
        "name": "Anonymous",
        "score": 1600
    },
    {
        "name": "Random",
        "score": 1530
    },
    {
        "name": "Anonymous",
        "score": 1420
    },
    {
        "name": "Anonymous",
        "score": 1370
    },
    {
        "name": "Anonymous",
        "score": 1360
    },
    {
        "name": "t",
        "score": 1356
    },
    {
        "name": "v",
        "score": 1345
    },
    {
        "name": "Anonymous",
        "score": 1330
    },
    {
        "name": "Anonymous",
        "score": 1300
    },
    {
        "name": "Anonymous",
        "score": 1290
    },
    {
        "name": "Loc",
        "score": 1270
    },
    {
        "name": "Anonymous",
        "score": 1250
    },
    {
        "name": "Anonymous",
        "score": 1230
    },
    {
        "name": "tri123",
        "score": 1190
    },
    {
        "name": "Random",
        "score": 1180
    },
    {
        "name": "Anonymous",
        "score": 1140
    },
    {
        "name": "Anonymous",
        "score": 1080
    },
    {
        "name": "Anonymous",
        "score": 1040
    },
    {
        "name": "Anonymous",
        "score": 1040
    },
    {
        "name": "m",
        "score": 972
    },
    {
        "name": "q",
        "score": 858
    },
    {
        "name": "t",
        "score": 826
    },
    {
        "name": "Hello",
        "score": 805
    },
    {
        "name": "j",
        "score": 726
    },
    {
        "name": "Random",
        "score": 540
    },
    {
        "name": "z",
        "score": 533
    },
    {
        "name": "f",
        "score": 519
    },
    {
        "name": "l",
        "score": 410
    },
    {
        "name": "Anonymous",
        "score": 360
    },
    {
        "name": "t",
        "score": 338
    },
    {
        "name": "l",
        "score": 320
    },
    {
        "name": "Random",
        "score": 320
    },
    {
        "name": "Anonymous",
        "score": 270
    },
    {
        "name": "Anonymous",
        "score": 170
    },
    {
        "name": "Anonymous",
        "score": 170
    },
    {
        "name": "Anonymous",
        "score": 140
    },
    {
        "name": "Anonymous",
        "score": 140
    },
    {
        "name": "Anonymous",
        "score": 140
    },
    {
        "name": "Anonymous",
        "score": 140
    },
    {
        "name": "Anonymous",
        "score": 130
    },
    {
        "name": "ABC",
        "score": 120
    },
    {
        "name": "Anonymous",
        "score": 120
    },
    {
        "name": "Anonymous",
        "score": 120
    },
    {
        "name": "Anonymous",
        "score": 110
    },
    {
        "name": "Anonymous",
        "score": 110
    },
    {
        "name": "Anonymous",
        "score": 100
    },
    {
        "name": "Anonymous",
        "score": 100
    },
    {
        "name": "Anonymous",
        "score": 90
    },
    {
        "name": "Anonymous",
        "score": 90
    },
    {
        "name": "Anonymous",
        "score": 90
    },
    {
        "name": "Anonymous",
        "score": 90
    },
    {
        "name": "Anonymous",
        "score": 80
    },
    {
        "name": "Anonymous",
        "score": 80
    },
    {
        "name": "Anonymous",
        "score": 70
    },
    {
        "name": "Anonymous",
        "score": 70
    },
    {
        "name": "Anonymous",
        "score": 70
    },
    {
        "name": "Anonymous",
        "score": 70
    },
    {
        "name": "Anonymous",
        "score": 40
    },
    {
        "name": "Anonymous",
        "score": 40
    },
    {
        "name": "Anonymous",
        "score": 30
    },
    {
        "name": "Anonymous",
        "score": 30
    },
    {
        "name": "Anonymous",
        "score": 30
    },
    {
        "name": "Anonymous",
        "score": 20
    },
    {
        "name": "Anonymous",
        "score": 20
    },
    {
        "name": "Anonymous",
        "score": 20
    },
    {
        "name": "Anonymous",
        "score": 20
    },
    {
        "name": "Anonymous",
        "score": 20
    },
    {
        "name": "Anonymous",
        "score": 20
    },
    {
        "name": "Anonymous",
        "score": 20
    },
    {
        "name": "Anonymous",
        "score": 20
    },
    {
        "name": "Anonymous",
        "score": 20
    },
    {
        "name": "Anonymous",
        "score": 20
    },
    {
        "name": "Anonymous",
        "score": 20
    },
    {
        "name": "Anonymous",
        "score": 20
    },
    {
        "name": "Anonymous",
        "score": 20
    },
    {
        "name": "Anonymous",
        "score": 20
    },
    {
        "name": "Anonymous",
        "score": 10
    },
    {
        "name": "Anonymous",
        "score": 10
    },
    {
        "name": "Anonymous",
        "score": 10
    },
    {
        "name": "Anonymous",
        "score": 10
    },
    {
        "name": "Anonymous",
        "score": 10
    },
    {
        "name": "Anonymous",
        "score": 10
    },
    {
        "name": "Anonymous",
        "score": 10
    },
    {
        "name": "Anonymous",
        "score": 10
    },
    {
        "name": "Anonymous",
        "score": 10
    },
    {
        "name": "Anonymous",
        "score": 10
    },
    {
        "name": "Anonymous",
        "score": 10
    },
    {
        "name": "Anonymous",
        "score": 10
    },
    {
        "name": "Anonymous",
        "score": 10
    },
    {
        "name": "Anonymous",
        "score": 10
    },
    {
        "name": "Anonymous",
        "score": 10
    },
    {
        "name": "Anonymous",
        "score": 10
    },
    {
        "name": "Anonymous",
        "score": 10
    },
    {
        "name": "Anonymous",
        "score": 10
    },
    {
        "name": "Anonymous",
        "score": 10
    },
    {
        "name": "Anonymous",
        "score": 10
    },
    {
        "name": "Anonymous",
        "score": 10
    },
    {
        "name": "Anonymous",
        "score": 10
    },
    {
        "name": "Anonymous",
        "score": 10
    },
    {
        "name": "Anonymous",
        "score": 10
    },
    {
        "name": "Anonymous",
        "score": 10
    },
    {
        "name": "Anonymous",
        "score": 10
    },
    {
        "name": "Anonymous",
        "score": 10
    },
    {
        "name": "Anonymous",
        "score": 10
    },
    {
        "name": "Anonymous",
        "score": 10
    },
    {
        "name": "Anonymous",
        "score": 10
    },
    {
        "name": "Anonymous",
        "score": 10
    },
    {
        "name": "Anonymous",
        "score": 10
    },
    {
        "name": "Anonymous",
        "score": 10
    },
    {
        "name": "Anonymous",
        "score": 10
    },
    {
        "name": "Anonymous",
        "score": 10
    },
    {
        "name": "Anonymous",
        "score": 10
    },
    {
        "name": "Anonymous",
        "score": 10
    },
    {
        "name": "Anonymous",
        "score": 10
    },
    {
        "name": "Anonymous",
        "score": 10
    },
    {
        "name": "Anonymous",
        "score": 10
    },
    {
        "name": "Anonymous",
        "score": 10
    },
    {
        "name": "Anonymous",
        "score": 10
    },
    {
        "name": "Anonymous",
        "score": 10
    },
    {
        "name": "Anonymous",
        "score": 10
    },
    {
        "name": "Anonymous",
        "score": 10
    },
    {
        "name": "Anonymous",
        "score": 10
    },
    {
        "name": "Anonymous",
        "score": 10
    },
    {
        "name": "Anonymous",
        "score": 10
    },
    {
        "name": "Anonymous",
        "score": 10
    },
    {
        "name": "Anonymous",
        "score": 10
    },
    {
        "name": "Anonymous",
        "score": 10
    },
    {
        "name": "Anonymous",
        "score": 10
    },
    {
        "name": "Anonymous",
        "score": 10
    },
    {
        "name": "Anonymous",
        "score": 10
    },
    {
        "name": "Anonymous",
        "score": 10
    },
    {
        "name": "Anonymous",
        "score": 10
    },
    {
        "name": "Anonymous",
        "score": 10
    },
    {
        "name": "Anonymous",
        "score": 10
    },
    {
        "name": "Anonymous",
        "score": 10
    },
    {
        "name": "Anonymous",
        "score": 10
    },
    {
        "name": "Anonymous",
        "score": 10
    },
    {
        "name": "Anonymous",
        "score": 10
    },
    {
        "name": "Anonymous",
        "score": 10
    },
    {
        "name": "Anonymous",
        "score": 10
    },
    {
        "name": "Anonymous",
        "score": 10
    },
    {
        "name": "Anonymous",
        "score": 10
    },
    {
        "name": "Anonymous",
        "score": 10
    },
    {
        "name": "Anonymous",
        "score": 10
    },
    {
        "name": "Anonymous",
        "score": 10
    },
    {
        "name": "Anonymous",
        "score": 10
    },
    {
        "name": "Anonymous",
        "score": 10
    },
    {
        "name": "Anonymous",
        "score": 10
    },
    {
        "name": "Anonymous",
        "score": 10
    },
    {
        "name": "Anonymous",
        "score": 10
    },
    {
        "name": "Anonymous",
        "score": 10
    },
    {
        "name": "Anonymous",
        "score": 10
    },
    {
        "name": "Anonymous",
        "score": 10
    },
    {
        "name": "Anonymous",
        "score": 10
    },
    {
        "name": "Anonymous",
        "score": 10
    },
    {
        "name": "Anonymous",
        "score": 10
    },
    {
        "name": "Anonymous",
        "score": 10
    },
    {
        "name": "Anonymous",
        "score": 10
    },
    {
        "name": "Anonymous",
        "score": 10
    },
    {
        "name": "Anonymous",
        "score": 10
    },
    {
        "name": "Anonymous",
        "score": 10
    },
    {
        "name": "Anonymous",
        "score": 10
    },
    {
        "name": "Anonymous",
        "score": 10
    },
    {
        "name": "Anonymous",
        "score": 10
    },
    {
        "name": "Anonymous",
        "score": 10
    },
    {
        "name": "Anonymous",
        "score": 10
    },
    {
        "name": "Anonymous",
        "score": 10
    },
    {
        "name": "Anonymous",
        "score": 10
    },
    {
        "name": "Anonymous",
        "score": 10
    },
    {
        "name": "luaneptrai\r",
        "score": 1
    },
    {
        "name": "Anonymous",
        "score": 0
    },
    {
        "name": "Anonymous",
        "score": 0
    },
    {
        "name": "Anonymous",
        "score": 0
    },
    {
        "name": "Anonymous",
        "score": 0
    }
]